participant,stimuli,trialNum,target_type,response,correct,block,reaction_time,trigger,
R2361,moncía,1,word,1,True,1,1.6136658191680908,2,
R2361,imían,2,word,1,True,1,0.8471012115478516,2,
R2361,maftabas,3,word,1,True,1,0.8689191341400146,2,
R2361,maftarán,4,word,1,True,1,0.8461098670959473,2,
R2361,morderá,5,word,2,True,1,0.8087899684906006,1,
R2361,retaremos,6,word,2,True,1,0.8540229797363281,1,
R2361,cumplíamos,7,word,2,True,1,0.6826581954956055,1,
R2361,burrará,8,word,1,True,1,1.5581779479980469,2,
R2361,tujirá,9,word,1,True,1,1.2109911441802979,2,
R2361,besaría,10,word,2,True,1,0.6648828983306885,1,
R2361,cuarrirías,11,word,1,True,1,1.5059819221496582,2,
R2361,comeremos,12,word,2,True,1,0.9149448871612549,1,
R2361,arderían,13,word,2,True,1,1.2799911499023438,1,
R2361,obrará,14,word,1,False,1,2.053095817565918,1,
R2361,somía,15,word,1,True,1,0.9220278263092041,2,
R2361,arderíamos,16,word,2,True,1,0.9539530277252197,1,
R2361,bailaríamos,17,word,2,True,1,2.0199949741363525,1,
R2361,chanrarán,18,word,1,True,1,2.195032835006714,2,
R2361,chanrarías,19,word,1,True,1,1.0586600303649902,2,
R2361,cumpliríamos,20,word,2,True,1,0.8628737926483154,1,
R2361,tosería,21,word,2,True,1,0.8099851608276367,1,
R2361,barreremos,22,word,2,True,1,1.7889199256896973,1,
R2361,bailábamos,23,word,2,True,1,1.035869836807251,1,
R2361,comerían,24,word,2,True,1,1.1760189533233643,1,
R2361,cortaré,25,word,2,True,1,2.925603151321411,1,
R2361,frinderás,26,word,1,True,1,1.0127928256988525,2,
R2361,tuplías,27,word,1,True,1,1.0169057846069336,2,
R2361,nadarán,28,word,2,True,1,2.590953826904297,1,
R2361,pavarían,29,word,1,True,1,1.4559290409088135,2,
R2361,sumaremos,30,word,2,True,1,0.8419280052185059,1,
R2361,mordíamos,31,word,2,True,1,3.134230852127075,1,
R2361,ciperíamos,32,word,1,True,1,0.7800137996673584,2,
R2361,luntiré,33,word,1,True,1,0.8949801921844482,2,
R2361,poreríamos,34,word,1,True,1,1.5790410041809082,2,
R2361,vultabas,35,word,1,True,1,2.50007700920105,2,
R2361,tujías,36,word,1,True,1,1.7850160598754883,2,
R2361,zusarás,37,word,1,True,1,0.5908961296081543,2,
R2361,luntirían,38,word,1,True,1,0.8056879043579102,2,
R2361,ardías,39,word,2,True,1,0.8382549285888672,1,
R2361,gacharás,40,word,1,True,1,0.8089361190795898,2,
R2361,honderían,41,word,1,True,1,1.4688689708709717,2,
R2361,rimábamos,42,word,2,True,1,2.2431297302246094,1,
R2361,narraríamos,43,word,2,True,1,0.9537489414215088,1,
R2361,quemaré,44,word,2,True,1,0.777836799621582,1,
R2361,riteríamos,45,word,1,True,1,4.356997728347778,2,
R2361,fundirían,46,word,2,True,1,3.2587358951568604,1,
R2361,rotarías,47,word,1,False,1,1.0709359645843506,1,
R2361,temeremos,48,word,2,True,1,0.8728387355804443,1,
R2361,cetía,49,word,1,True,1,0.8839111328125,2,
R2361,anreríamos,50,word,1,True,1,2.0540449619293213,2,
R2361,arderán,51,word,2,True,1,1.1127309799194336,1,
R2361,rayarían,52,word,2,True,1,2.773084878921509,1,
R2361,somían,53,word,1,True,1,1.8449428081512451,2,
R2361,faltarán,54,word,2,True,1,2.6230130195617676,1,
R2361,cisábamos,55,word,1,True,1,0.8561229705810547,2,
R2361,ciperemos,56,word,1,True,1,1.8009941577911377,2,
R2361,barreré,57,word,2,True,1,0.9730780124664307,1,
R2361,temerán,58,word,2,True,1,1.6339490413665771,1,
R2361,partirían,59,word,2,True,1,2.7019529342651367,1,
R2361,ceflíamos,60,word,1,True,1,0.627918004989624,2,
R2361,tuplirán,61,word,1,True,1,0.8009898662567139,2,
R2361,seseremos,62,word,1,True,1,1.6262400150299072,2,
R2361,coseré,63,word,2,True,1,1.5139923095703125,1,
R2361,prendería,64,word,2,True,1,1.1944079399108887,1,
R2361,quemaremos,65,word,2,True,1,0.7479958534240723,1,
R2361,frindería,66,word,1,True,1,3.1309092044830322,2,
R2361,temíamos,67,word,2,True,1,0.6234261989593506,1,
R2361,lorgaban,68,word,1,True,1,0.8038167953491211,2,
R2361,casaré,69,word,2,True,1,1.5229029655456543,1,
R2361,besaba,70,word,2,True,1,0.9879910945892334,1,
R2361,riterá,71,word,1,True,1,1.5490550994873047,2,
R2361,anría,72,word,1,True,1,1.72188401222229,2,
R2361,ardían,73,word,2,True,1,4.783617973327637,1,
R2361,bailaré,74,word,2,True,1,1.0242388248443604,1,
R2361,venderán,75,word,2,True,1,2.2118802070617676,1,
R2361,subirías,76,word,2,True,1,0.796968936920166,1,
R2361,cuarrirá,77,word,1,True,1,3.743917226791382,2,
R2361,rayaban,78,word,2,True,1,1.574937105178833,1,
R2361,sauarán,79,word,1,True,1,1.2849416732788086,2,
R2361,focaremos,80,word,1,True,1,1.0270488262176514,2,
R2361,anreremos,81,word,1,True,1,1.315657138824463,2,
R2361,besarás,82,word,2,True,1,1.443967342376709,1,
R2361,uníamos,83,word,2,True,1,0.8708508014678955,1,
R2361,retaba,84,word,2,True,1,0.9549529552459717,1,
R2361,focarían,85,word,1,True,1,1.8967862129211426,2,
R2361,lacheré,86,word,1,True,1,2.067949056625366,2,
R2361,retarían,87,word,2,True,1,5.12120509147644,1,
R2361,besarían,88,word,2,True,1,0.9490790367126465,1,
R2361,temerías,89,word,2,True,1,2.435202121734619,1,
R2361,bailabas,90,word,2,True,1,0.614983081817627,1,
R2361,pactabas,91,word,2,True,1,0.7019169330596924,1,
R2361,anrería,92,word,1,True,1,0.8519060611724854,2,
R2361,sindarás,93,word,1,True,1,1.5970280170440674,2,
R2361,riterás,94,word,1,True,1,1.93408203125,2,
R2361,mardía,95,word,1,True,1,1.5288679599761963,2,
R2361,bigábamos,96,word,1,True,1,1.7220678329467773,2,
R2361,bigabas,97,word,1,True,1,0.9713280200958252,2,
R2361,lorgarían,98,word,1,True,1,1.6330130100250244,2,
R2361,gacharía,99,word,1,True,1,3.7659919261932373,2,
R2361,sumarían,100,word,2,True,1,1.1469571590423584,1,
R2361,frinderías,101,word,1,True,1,1.7498741149902344,2,
R2361,focará,102,word,1,True,1,2.876936912536621,2,
R2361,focaba,103,word,1,True,1,9.556174993515015,2,
R2361,lailábamos,104,word,1,True,1,1.5241000652313232,2,
R2361,fundíamos,105,word,2,True,1,1.0600647926330566,1,
R2361,juraba,106,word,2,True,1,2.7722039222717285,1,
R2361,bailarías,107,word,2,True,1,0.6788508892059326,1,
R2361,bigaba,108,word,1,True,1,0.7209250926971436,2,
R2361,comía,109,word,2,True,1,0.8140428066253662,1,
R2361,lamías,110,word,2,True,1,5.29018497467041,1,
R2361,arderás,111,word,2,True,1,3.4029951095581055,1,
R2361,toserán,112,word,2,True,1,1.183044195175171,1,
R2361,cetaba,113,word,1,True,1,0.6747698783874512,2,
R2361,sauarían,114,word,1,True,1,0.5509147644042969,2,
R2361,cenabas,115,word,2,True,1,0.8449058532714844,1,
R2361,pavarías,116,word,1,True,1,1.0330770015716553,2,
R2361,lacherán,117,word,1,True,1,1.3520009517669678,2,
R2361,sufriré,118,word,2,True,1,1.2121059894561768,1,
R2361,runarán,119,word,1,True,1,1.3430709838867188,2,
R2361,seserás,120,word,1,True,1,3.6762120723724365,2,
R2361,sauábamos,121,word,1,True,1,0.6325030326843262,2,
R2361,zusabas,122,word,1,True,1,0.5334773063659668,2,
R2361,bigaban,123,word,1,True,1,3.573245048522949,2,
R2361,gruñiremos,124,word,1,False,1,1.1449339389801025,1,
R2361,cederás,125,word,2,True,1,1.0441341400146484,1,
R2361,retaban,126,word,2,True,1,0.61496901512146,1,
R2361,eplaré,127,word,1,True,1,0.63193678855896,2,
R2361,uniría,128,word,2,True,1,0.7594449520111084,1,
R2361,zusarían,129,word,1,True,1,0.6979403495788574,2,
R2361,galábamos,130,word,1,True,1,0.9723019599914551,2,
R2361,pavará,131,word,1,True,1,0.9269492626190186,2,
R2361,venderás,132,word,2,True,1,2.8991332054138184,1,
R2361,cetaban,133,word,1,True,1,0.6838340759277344,2,
R2361,venderemos,134,word,2,True,1,2.0860893726348877,1,
R2361,lachíamos,135,word,1,True,1,0.7749178409576416,2,
R2361,focarán,136,word,1,True,1,1.8529560565948486,2,
R2361,maftábamos,137,word,1,True,1,1.2215979099273682,2,
R2361,eplabas,138,word,1,True,1,1.195141315460205,2,
R2361,sauaré,139,word,1,True,1,1.5329420566558838,2,
R2361,zusaré,140,word,1,True,1,0.9429612159729004,2,
R2361,bimará,141,word,1,True,1,1.9351410865783691,2,
R2361,faltábamos,142,word,2,True,1,0.6569831371307373,1,
R2361,unirán,143,word,1,False,1,1.2891521453857422,1,
R2361,retarás,144,word,2,True,1,0.9649131298065186,1,
R2361,sumábamos,145,word,2,True,1,1.3430111408233643,1,
R2361,morderán,146,word,2,True,1,0.5918898582458496,1,
R2361,rayaba,147,word,2,True,1,0.9459438323974609,1,
R2361,pactarías,148,word,2,True,1,2.457159996032715,1,
R2361,eplaría,149,word,1,True,1,0.6770350933074951,2,
R2361,tujiría,150,word,1,True,1,0.8160598278045654,2,
R2361,bailarían,151,word,2,True,1,2.1289219856262207,1,
R2361,cenaremos,152,word,2,True,1,0.6771759986877441,1,
R2361,sufría,153,word,2,True,1,1.0799789428710938,1,
R2361,quemarán,154,word,2,True,1,0.7514901161193848,1,
R2361,rondaban,155,word,2,True,1,0.7818911075592041,1,
R2361,rimarían,156,word,2,True,1,0.9361510276794434,1,
R2361,partiríamos,157,word,2,True,2,1.0158789157867432,1,
R2361,mardiré,158,word,1,True,2,0.9808077812194824,2,
R2361,vultábamos,159,word,1,True,2,2.410122871398926,2,
R2361,vultaba,160,word,1,True,2,0.8928191661834717,2,
R2361,tuplirás,161,word,1,True,2,0.8439071178436279,2,
R2361,vultaríamos,162,word,1,True,2,0.7360928058624268,2,
R2361,metía,163,word,2,True,2,0.715925931930542,1,
R2361,obrarás,164,word,2,True,2,2.4781060218811035,1,
R2361,metías,165,word,1,False,2,1.1720330715179443,1,
R2361,ceflerías,166,word,1,True,2,0.7498838901519775,2,
R2361,bruvirías,167,word,1,True,2,1.0729212760925293,2,
R2361,lorgaba,168,word,1,True,2,2.849112033843994,2,
R2361,fundiríamos,169,word,1,False,2,4.302554130554199,1,
R2361,lailaban,170,word,1,True,2,0.6671080589294434,2,
R2361,tosías,171,word,2,True,2,3.6210761070251465,1,
R2361,luchabas,172,word,2,True,2,1.371088981628418,1,
R2361,mardirá,173,word,1,True,2,0.776108980178833,2,
R2361,chanrará,174,word,1,True,2,0.6279511451721191,2,
R2361,faltaríamos,175,word,2,True,2,4.061243057250977,1,
R2361,tuplirían,176,word,1,True,2,7.437986135482788,2,
R2361,chanraban,177,word,1,True,2,0.5138580799102783,2,
R2361,quemarías,178,word,2,True,2,0.6454319953918457,1,
R2361,cichíamos,179,word,1,True,2,3.789078950881958,2,
R2361,faneremos,180,word,1,True,2,0.7889161109924316,2,
R2361,casabas,181,word,2,True,2,1.4679629802703857,1,
R2361,hondería,182,word,1,True,2,3.523900270462036,2,
R2361,sauaríamos,183,word,1,True,2,0.5194408893585205,2,
R2361,formaré,184,word,2,True,2,1.3058290481567383,1,
R2361,jurará,185,word,2,True,2,1.5089879035949707,1,
R2361,burraré,186,word,1,True,2,1.0079281330108643,2,
R2361,cuarríamos,187,word,1,True,2,2.9951539039611816,2,
R2361,cumplirías,188,word,2,True,2,0.8178238868713379,1,
R2361,pavaban,189,word,1,True,2,5.830082654953003,2,
R2361,sumará,190,word,2,True,2,0.854985237121582,1,
R2361,prenderá,191,word,2,True,2,1.7820141315460205,1,
R2361,bruvirás,192,word,1,True,2,0.570070743560791,2,
R2361,retábamos,193,word,2,True,2,2.250080108642578,1,
R2361,gacharían,194,word,1,True,2,1.7320480346679688,2,
R2361,cuarriré,195,word,1,True,2,0.8560199737548828,2,
R2361,charlarías,196,word,2,True,2,1.5708160400390625,1,
R2361,jurarías,197,word,2,True,2,1.908539056777954,1,
R2361,pactaría,198,word,1,False,2,8.442467212677002,1,
R2361,tuplirá,199,word,1,True,2,1.6732580661773682,2,
R2361,faníamos,200,word,1,True,2,2.448275089263916,2,
R2361,formará,201,word,2,True,2,4.6972692012786865,1,
R2361,quijaremos,202,word,1,True,2,0.8112468719482422,2,
R2361,cetará,203,word,1,True,2,0.6812758445739746,2,
R2361,cefleremos,204,word,1,True,2,0.6695327758789062,2,
R2361,porerás,205,word,1,True,2,0.5147120952606201,2,
R2361,meteré,206,word,2,True,2,0.9432048797607422,1,
R2361,venderé,207,word,2,True,2,0.5742108821868896,1,
R2361,anrían,208,word,1,True,2,1.8223891258239746,2,
R2361,unirá,209,word,2,True,2,0.858161211013794,1,
R2361,meteremos,210,word,2,True,2,0.6788010597229004,1,
R2361,galarás,211,word,1,True,2,1.0002360343933105,2,
R2361,bigarías,212,word,p,False,2,147.09539198875427,2,
R2361,cuarría,213,word,1,True,2,0.7079129219055176,2,
R2361,pactábamos,214,word,2,True,2,0.8410670757293701,1,
R2361,mertarías,215,word,1,True,2,1.0089221000671387,2,
R2361,casábamos,216,word,2,True,2,0.6299178600311279,1,
R2361,bigaríamos,217,word,1,True,2,0.7319517135620117,2,
R2361,cederá,218,word,2,True,2,0.8510410785675049,1,
R2361,sindaré,219,word,1,True,2,0.5711629390716553,2,
R2361,mertarían,220,word,1,True,2,0.7581019401550293,2,
R2361,sindaban,221,word,1,True,2,0.5220401287078857,2,
R2361,arderías,222,word,1,False,2,0.4739251136779785,1,
R2361,cubríamos,223,word,2,True,2,1.131005048751831,1,
R2361,rotarán,224,word,1,False,2,3.0690767765045166,1,
R2361,cortarás,225,word,2,True,2,0.8959181308746338,1,
R2361,lorgaríamos,226,word,1,True,2,1.499964952468872,2,
R2361,nadaré,227,word,2,True,2,0.7299461364746094,1,
R2361,lamerían,228,word,2,True,2,1.493129014968872,1,
R2361,moncería,229,word,1,True,2,0.8270168304443359,2,
R2361,maftarás,230,word,1,True,2,1.1830079555511475,2,
R2361,ciperían,231,word,2,False,2,1.3359427452087402,2,
R2361,cubrirían,232,word,2,True,2,1.0580601692199707,1,
R2361,lailaríamos,233,word,1,True,2,0.6470999717712402,2,
R2361,pactarían,234,word,2,True,2,2.6169021129608154,1,
R2361,chanrábamos,235,word,1,True,2,0.8240962028503418,2,
R2361,zusaremos,236,word,1,True,2,0.6918830871582031,2,
R2361,lucharía,237,word,2,True,2,1.150923728942871,1,
R2361,obrarían,238,word,2,True,2,2.4700779914855957,1,
R2361,honderíamos,239,word,1,True,2,1.5480971336364746,2,
R2361,frindían,240,word,1,True,2,1.209441900253296,2,
R2361,cumpliremos,241,word,2,True,2,0.9039509296417236,1,
R2361,correré,242,word,2,True,2,3.4220528602600098,1,
R2361,corría,243,word,2,True,2,0.9598939418792725,1,
R2361,obrarías,244,word,1,False,2,3.400977849960327,1,
R2361,charlarían,245,word,1,False,2,1.8210670948028564,1,
R2361,cumplían,246,word,2,True,2,0.9439549446105957,1,
R2361,formarían,247,word,2,True,2,1.022162914276123,1,
R2361,chanraría,248,word,1,True,2,1.121786117553711,2,
R2361,casaremos,249,word,2,True,2,3.1957108974456787,1,
R2361,bruvíamos,250,word,p,False,2,293.45890402793884,2,
R2361,mertaban,251,word,1,True,2,0.7509782314300537,2,
R2361,subiríamos,252,word,2,True,2,1.0310657024383545,1,
R2361,corríamos,253,word,2,True,2,0.8798038959503174,1,
R2361,burrarás,254,word,1,True,2,0.761944055557251,2,
R2361,seserías,255,word,1,True,2,0.668956995010376,2,
R2361,nadaríamos,256,word,2,True,2,0.7900631427764893,1,
R2361,mordían,257,word,2,True,2,0.9060299396514893,1,
R2361,maftaremos,258,word,1,True,2,0.9680759906768799,2,
R2361,uniremos,259,word,2,True,2,1.3180999755859375,1,
R2361,eplarían,260,word,1,True,2,0.762005090713501,2,
R2361,someremos,261,word,1,True,2,0.6230778694152832,2,
R2361,coserías,262,word,2,True,2,1.0629489421844482,1,
R2361,riteré,263,word,1,True,2,1.740950107574463,2,
R2361,eplará,264,word,1,True,2,0.710089921951294,2,
R2361,lucharé,265,word,2,True,2,1.1644141674041748,1,
R2361,imirán,266,word,1,True,2,3.269139051437378,2,
R2361,sufriremos,267,word,2,True,2,1.0499751567840576,1,
R2361,lacheríamos,268,word,1,True,2,0.900738000869751,2,
R2361,nadarías,269,word,2,True,2,0.955970048904419,1,
R2361,imiríamos,270,word,1,True,2,1.3330390453338623,2,
R2361,gruñíamos,271,word,2,True,2,1.2000420093536377,1,
R2361,eplarás,272,word,1,True,2,4.460122108459473,2,
R2361,poreremos,273,word,1,True,2,1.1214640140533447,2,
R2361,tuplíamos,274,word,1,True,2,0.9378221035003662,2,
R2361,nadábamos,275,word,2,True,2,0.6573319435119629,1,
R2361,galarías,276,word,1,True,2,1.072925090789795,2,
R2361,cedías,277,word,2,True,2,1.060873031616211,1,
R2361,cetería,278,word,1,True,2,0.7760331630706787,2,
R2361,runaremos,279,word,1,True,2,1.0398950576782227,2,
R2361,gacharemos,280,word,1,True,2,0.5881071090698242,2,
R2361,focaré,281,word,1,True,2,0.9381539821624756,2,
R2361,zusaríamos,282,word,1,True,2,0.5923879146575928,2,
R2361,sauaban,283,word,1,True,2,0.5949270725250244,2,
R2361,formaría,284,word,2,True,2,4.7170329093933105,1,
R2361,eplaremos,285,word,1,True,2,2.9049086570739746,2,
R2361,casaba,286,word,2,True,2,1.2931277751922607,1,
R2361,lamía,287,word,2,True,2,2.188835859298706,1,
R2361,bailarás,288,word,2,True,2,2.290320873260498,1,
R2361,rimaríamos,289,word,1,False,2,2.002509832382202,1,
R2361,fundirá,290,word,1,False,2,3.303457021713257,1,
R2361,narrará,291,word,1,False,2,0.8040058612823486,1,
R2361,coseremos,292,word,2,True,2,1.5429942607879639,1,
R2361,narrarán,293,word,1,False,2,0.8250868320465088,1,
R2361,cuarrirán,294,word,1,True,2,0.8600361347198486,2,
R2361,toseremos,295,word,2,True,2,5.1002020835876465,1,
R2361,sindarían,296,word,1,True,2,0.7669711112976074,2,
R2361,toserían,297,word,2,True,2,1.1860151290893555,1,
R2361,luchaba,298,word,2,True,2,0.9049441814422607,1,
R2361,charlará,299,word,1,False,2,2.1260411739349365,1,
R2361,moncerás,300,word,1,True,2,0.8469359874725342,2,
R2361,sumaré,301,word,2,True,2,4.5325469970703125,1,
R2361,prendía,302,word,2,True,2,0.6908490657806396,1,
R2361,cedía,303,word,1,False,2,0.8130049705505371,1,
R2361,focaríamos,304,word,1,True,2,0.8740870952606201,2,
R2361,pactará,305,word,1,False,2,4.042879104614258,1,
R2361,cubrirías,306,word,2,True,2,0.8959109783172607,1,
R2361,besaban,307,word,2,True,2,1.267867088317871,1,
R2361,cedíamos,308,word,2,True,2,1.2550499439239502,1,
R2361,formarás,309,word,2,True,2,1.6762592792510986,1,
R2361,tujiríamos,310,word,1,True,2,2.0580248832702637,2,
R2361,rayaremos,311,word,1,False,2,2.9808011054992676,1,
R2361,rimaban,312,word,1,False,2,1.1851398944854736,1,
R2361,cichiría,313,word,1,True,3,1.7619891166687012,2,
R2361,quemaríamos,314,word,p,False,3,46.81348919868469,1,
R2361,ritías,315,word,1,True,3,0.9878628253936768,2,
R2361,retarán,316,word,2,True,3,3.4709229469299316,1,
R2361,retaré,317,word,2,True,3,1.5970308780670166,1,
R2361,bimarán,318,word,1,True,3,0.6370151042938232,2,
R2361,cipería,319,word,1,True,3,0.8813817501068115,2,
R2361,venderían,320,word,2,True,3,1.0229427814483643,1,
R2361,maftarías,321,word,1,True,3,0.7872347831726074,2,
R2361,lacherían,322,word,1,True,3,1.2301321029663086,2,
R2361,cuarriremos,323,word,1,True,3,0.9392399787902832,2,
R2361,casará,324,word,2,True,3,0.6721017360687256,1,
R2361,frindía,325,word,1,True,3,0.5880229473114014,2,
R2361,porerá,326,word,1,True,3,0.6370851993560791,2,
R2361,cederé,327,word,1,False,3,1.78690505027771,1,
R2361,charlarás,328,word,2,True,3,1.7520339488983154,1,
R2361,narrarían,329,word,2,True,3,0.752971887588501,1,
R2361,faltaría,330,word,2,True,3,0.727963924407959,1,
R2361,cisarían,331,word,1,True,3,0.5589618682861328,2,
R2361,faltarías,332,word,2,True,3,0.729902982711792,1,
R2361,barreríamos,333,word,2,True,3,1.9308607578277588,1,
R2361,maftarían,334,word,1,True,3,2.3973960876464844,2,
R2361,coserán,335,word,2,True,3,5.955038070678711,1,
R2361,comían,336,word,2,True,3,0.8029601573944092,1,
R2361,lailarías,337,word,1,True,3,0.6249921321868896,2,
R2361,meteríamos,338,word,2,True,3,1.4071381092071533,1,
R2361,vendías,339,word,2,True,3,0.917931079864502,1,
R2361,bimaremos,340,word,1,True,3,3.592947006225586,2,
R2361,lailarían,341,word,1,True,3,0.6900908946990967,2,
R2361,sumabas,342,word,2,True,3,2.606912851333618,1,
R2361,coseríamos,343,word,2,True,3,0.8779008388519287,1,
R2361,gruñirías,344,word,1,False,3,0.5340070724487305,1,
R2361,partirán,345,word,2,True,3,1.2669639587402344,1,
R2361,sesía,346,word,1,True,3,0.8208868503570557,2,
R2361,luntíamos,347,word,1,True,3,0.7955858707427979,2,
R2361,moncerá,348,word,1,True,3,4.841946840286255,2,
R2361,quemará,349,word,2,True,3,1.067775011062622,1,
R2361,lamían,350,word,1,False,3,1.7810323238372803,1,
R2361,cenaría,351,word,2,True,3,1.196371078491211,1,
R2361,frinderé,352,word,1,True,3,1.7959098815917969,2,
R2361,correría,353,word,2,True,3,1.676110029220581,1,
R2361,focaría,354,word,1,True,3,2.358999013900757,2,
R2361,bruvirían,355,word,1,True,3,0.7438924312591553,2,
R2361,frinderá,356,word,1,True,3,1.7548940181732178,2,
R2361,rotábamos,357,word,2,True,3,1.4374680519104004,1,
R2361,ardíamos,358,word,2,True,3,2.3749630451202393,1,
R2361,tujirían,359,word,1,True,3,2.097944736480713,2,
R2361,cumplirán,360,word,2,True,3,0.8461079597473145,1,
R2361,venderíamos,361,word,2,True,3,0.7210738658905029,1,
R2361,lamerán,362,word,2,True,3,1.037013053894043,1,
R2361,faltarás,363,word,2,True,3,0.7879512310028076,1,
R2361,rotabas,364,word,2,True,3,2.1227848529815674,1,
R2361,pactaban,365,word,2,True,3,4.280142068862915,1,
R2361,tujirás,366,word,1,True,3,1.706921100616455,2,
R2361,cisarás,367,word,1,True,3,0.5659239292144775,2,
R2361,cisaríamos,368,word,1,True,3,0.5901823043823242,2,
R2361,bimábamos,369,word,1,True,3,0.750878095626831,2,
R2361,lucharíamos,370,word,2,True,3,1.0628769397735596,1,
R2361,eplarán,371,word,1,True,3,0.9741418361663818,2,
R2361,lailaré,372,word,1,True,3,0.847999095916748,2,
R2361,cuarrirían,373,word,1,True,3,1.731959581375122,2,
R2361,lorgaría,374,word,1,True,3,2.1014211177825928,2,
R2361,rayaré,375,word,1,False,3,4.937140941619873,1,
R2361,gachaba,376,word,1,True,3,0.7750918865203857,2,
R2361,cenaríamos,377,word,2,True,3,0.8549768924713135,1,
R2361,obrabas,378,word,1,False,3,5.4961161613464355,1,
R2361,partirías,379,word,2,True,3,0.7854409217834473,1,
R2361,honderás,380,word,1,True,3,3.7040741443634033,2,
R2361,sesías,381,word,1,True,3,0.6150062084197998,2,
R2361,lorgarías,382,word,1,True,3,2.7040750980377197,2,
R2361,somerán,383,word,1,True,3,0.6508300304412842,2,
R2361,corrían,384,word,2,True,3,0.9379158020019531,1,
R2361,juraré,385,word,2,True,3,4.148147821426392,1,
R2361,luntirá,386,word,1,True,3,0.7960419654846191,2,
R2361,sumarán,387,word,2,True,3,0.8049311637878418,1,
R2361,formarías,388,word,2,True,3,5.558017730712891,1,
R2361,ceflerían,389,word,1,True,3,0.7550091743469238,2,
R2361,vendía,390,word,2,True,3,0.6958432197570801,1,
R2361,fundirás,391,word,2,True,3,1.5900239944458008,1,
R2361,luntiría,392,word,1,True,3,3.1218860149383545,2,
R2361,maftaba,393,word,1,True,3,0.5281360149383545,2,
R2361,lacherás,394,word,1,True,3,2.944945812225342,2,
R2361,quemábamos,395,word,2,True,3,0.7011899948120117,1,
R2361,tuplirías,396,word,1,True,3,0.6349430084228516,2,
R2361,frinderían,397,word,1,True,3,0.8370120525360107,2,
R2361,prendíamos,398,word,2,True,3,0.6801280975341797,1,
R2361,sesíamos,399,word,1,True,3,0.9458003044128418,2,
R2361,narrabas,400,word,2,True,3,0.7970378398895264,1,
R2361,luntiríamos,401,word,1,True,3,0.653968095779419,2,
R2361,sufrirá,402,word,2,True,3,1.17610502243042,1,
R2361,rotarás,403,word,2,True,3,0.7998621463775635,1,
R2361,luntiremos,404,word,1,True,3,0.6080467700958252,2,
R2361,frindíamos,405,word,1,True,3,1.1078860759735107,2,
R2361,arderemos,406,word,2,True,3,1.1038439273834229,1,
R2361,focarás,407,word,1,True,3,1.0290579795837402,2,
R2361,bailaría,408,word,2,True,3,1.5018808841705322,1,
R2361,ceteremos,409,word,1,True,3,0.5269150733947754,2,
R2361,retará,410,word,2,True,3,1.8359639644622803,1,
R2361,sufrirías,411,word,2,True,3,0.791895866394043,1,
R2361,rotarían,412,word,2,True,3,0.8177621364593506,1,
R2361,galabas,413,word,1,True,3,0.6519150733947754,2,
R2361,toseríamos,414,word,2,True,3,1.290855884552002,1,
R2361,tujiré,415,word,1,True,3,0.7620401382446289,2,
R2361,riterías,416,word,1,True,3,0.9340548515319824,2,
R2361,rondaba,417,word,1,False,3,1.243967056274414,1,
R2361,cedían,418,word,2,True,3,0.9677324295043945,1,
R2361,fanerá,419,word,1,True,3,0.5040130615234375,2,
R2361,cuarrirás,420,word,1,True,3,0.6898269653320312,2,
R2361,tujíamos,421,word,1,True,3,2.8372979164123535,2,
R2361,cortabas,422,word,2,True,3,0.835874080657959,1,
R2361,vultarán,423,word,1,True,3,1.2397890090942383,2,
R2361,cipíamos,424,word,1,True,3,2.8869659900665283,2,
R2361,nadarás,425,word,2,True,3,0.7940061092376709,1,
R2361,imiremos,426,word,1,True,3,1.1090691089630127,2,
R2361,tuplía,427,word,1,True,3,2.2810800075531006,2,
R2361,cubriría,428,word,2,True,3,0.9307279586791992,1,
R2361,cichiríamos,429,word,1,True,3,0.6608901023864746,2,
R2361,ceflerá,430,word,1,True,3,0.5572621822357178,2,
R2361,cenarán,431,word,2,True,3,2.5449280738830566,1,
R2361,fundirías,432,word,1,False,3,2.994929313659668,1,
R2361,lachería,433,word,1,True,3,0.7688760757446289,2,
R2361,sufrían,434,word,2,True,3,0.8140139579772949,1,
R2361,fanías,435,word,1,True,3,0.5513660907745361,2,
R2361,cubrirán,436,word,2,True,3,2.1099941730499268,1,
R2361,runaban,437,word,1,True,3,1.7708590030670166,2,
R2361,gruñirás,438,word,2,True,3,1.116891860961914,1,
R2361,sauabas,439,word,1,True,3,0.7068121433258057,2,
R2361,bigarás,440,word,1,True,3,1.6080667972564697,2,
R2361,tujían,441,word,1,True,3,0.8520607948303223,2,
R2361,bruvirá,442,word,1,True,3,0.5228080749511719,2,
R2361,quemaban,443,word,2,True,3,0.728085994720459,1,
R2361,bruviré,444,word,1,True,3,0.5648140907287598,2,
R2361,tosíamos,445,word,2,True,3,6.808038949966431,1,
R2361,lameremos,446,word,2,True,3,8.122965097427368,1,
R2361,fundiremos,447,word,1,False,3,0.8259811401367188,1,
R2361,bimaría,448,word,1,True,3,0.7219071388244629,2,
R2361,faltaban,449,word,2,True,3,1.2611379623413086,1,
R2361,quemarás,450,word,2,True,3,0.8899459838867188,1,
R2361,cederán,451,word,2,True,3,4.738184928894043,1,
R2361,poreré,452,word,1,True,3,0.5580520629882812,2,
R2361,mardirán,453,word,1,True,3,0.8057959079742432,2,
R2361,casarán,454,word,2,True,3,1.0889930725097656,1,
R2361,luchábamos,455,word,2,True,3,0.9039061069488525,1,
R2361,nadarían,456,word,2,True,3,1.529919147491455,1,
R2361,imíamos,457,word,1,True,3,0.6729960441589355,2,
R2361,cetarían,458,word,1,True,3,0.6808891296386719,2,
R2361,ciperán,459,word,1,True,3,2.4840128421783447,2,
R2361,maftaríamos,460,word,1,True,3,0.5851418972015381,2,
R2361,correrán,461,word,2,True,3,0.7958879470825195,1,
R2361,rotaré,462,word,2,True,3,4.515136003494263,1,
R2361,rondarán,463,word,1,False,3,2.558014154434204,1,
R2361,cenábamos,464,word,2,True,3,1.3000600337982178,1,
R2361,quijaré,465,word,1,True,3,0.7179031372070312,2,
R2361,comías,466,word,2,True,3,1.455970048904419,1,
R2361,monceré,467,word,1,True,3,0.856003999710083,2,
R2361,sindaríamos,468,word,1,True,3,1.7639012336730957,2,
R2361,barríamos,469,word,2,True,4,0.826833963394165,1,
R2361,rayará,470,word,2,True,4,1.2859010696411133,1,
R2361,galarían,471,word,1,True,4,2.7510087490081787,2,
R2361,rondarían,472,word,1,False,4,1.0499780178070068,1,
R2361,luntirías,473,word,1,True,4,0.7669830322265625,2,
R2361,cichiré,474,word,1,True,4,0.6210577487945557,2,
R2361,porería,475,word,1,True,4,0.6820690631866455,2,
R2361,sumarás,476,word,2,True,4,0.7899301052093506,1,
R2361,anrías,477,word,1,True,4,0.6878831386566162,2,
R2361,bimabas,478,word,1,True,4,1.0880088806152344,2,
R2361,rimaremos,479,word,1,False,4,2.3382630348205566,1,
R2361,moncías,480,word,1,True,4,3.0679287910461426,2,
R2361,ritían,481,word,1,True,4,0.7230372428894043,2,
R2361,moncerían,482,word,1,True,4,1.265838861465454,2,
R2361,sindarán,483,word,1,True,4,0.5598540306091309,2,
R2361,rimará,484,word,1,False,4,0.6239669322967529,1,
R2361,vultarás,485,word,1,True,4,0.8927359580993652,2,
R2361,cumplirá,486,word,2,True,4,0.9128727912902832,1,
R2361,maftaban,487,word,1,True,4,0.6340270042419434,2,
R2361,subirá,488,word,2,True,4,1.3357470035552979,1,
R2361,seseré,489,word,1,True,4,0.5858869552612305,2,
R2361,pavarán,490,word,1,True,4,0.6449856758117676,2,
R2361,porías,491,word,1,True,4,1.225783109664917,2,
R2361,prendías,492,word,2,True,4,1.0519468784332275,1,
R2361,quijarías,493,word,1,True,4,1.6250898838043213,2,
R2361,bimaríamos,494,word,1,True,4,0.6639368534088135,2,
R2361,cenarían,495,word,1,False,4,0.9348831176757812,1,
R2361,lorgaremos,496,word,1,True,4,1.3990578651428223,2,
R2361,zusarías,497,word,1,True,4,0.7038040161132812,2,
R2361,quijábamos,498,word,1,True,4,1.1540939807891846,2,
R2361,cuarriría,499,word,1,True,4,0.6928088665008545,2,
R2361,metían,500,word,2,True,4,1.1087708473205566,1,
R2361,lailabas,501,word,1,True,4,0.7750070095062256,2,
R2361,cortaban,502,word,2,True,4,1.0240139961242676,1,
R2361,subíamos,503,word,2,True,4,1.1600618362426758,1,
R2361,bimarás,504,word,1,True,4,1.2719087600708008,2,
R2361,lameríamos,505,word,2,True,4,2.1748669147491455,1,
R2361,bimarían,506,word,1,True,4,4.133018970489502,2,
R2361,cisaba,507,word,1,True,4,0.6268360614776611,2,
R2361,rondaríamos,508,word,2,True,4,1.8082911968231201,1,
R2361,lucharás,509,word,2,True,4,2.5759763717651367,1,
R2361,poríamos,510,word,1,True,4,0.7540230751037598,2,
R2361,burraría,511,word,1,True,4,2.0038857460021973,2,
R2361,jurabas,512,word,2,True,4,1.1311750411987305,1,
R2361,retarías,513,word,2,True,4,3.8449630737304688,1,
R2361,rayarías,514,word,1,False,4,3.826117992401123,1,
R2361,galaban,515,word,1,True,4,0.5869450569152832,2,
R2361,sindaremos,516,word,1,True,4,0.6639552116394043,2,
R2361,lailará,517,word,1,True,4,1.5449600219726562,2,
R2361,cisaban,518,word,1,True,4,1.1939568519592285,2,
R2361,narrarás,519,word,2,True,4,0.7309451103210449,1,
R2361,focaban,520,word,1,True,4,1.038097858428955,2,
R2361,sufrirán,521,word,2,True,4,0.8710148334503174,1,
R2361,temería,522,word,1,False,4,0.532832145690918,1,
R2361,cubrías,523,word,2,True,4,0.9730470180511475,1,
R2361,sauaba,524,word,1,True,4,0.5459339618682861,2,
R2361,formaba,525,word,2,True,4,1.1950488090515137,1,
R2361,correrías,526,word,2,True,4,0.8853240013122559,1,
R2361,bimaré,527,word,1,True,4,0.6689269542694092,2,
R2361,charlarán,528,word,2,True,4,1.2500908374786377,1,
R2361,bailaba,529,word,2,True,4,0.8970561027526855,1,
R2361,burrarías,530,word,1,True,4,1.150925874710083,2,
R2361,cubría,531,word,2,True,4,3.1010308265686035,1,
R2361,bigaría,532,word,1,True,4,8.23523211479187,2,
R2361,correrían,533,word,2,True,4,0.7090098857879639,1,
R2361,quijarían,534,word,1,True,4,1.5188441276550293,2,
R2361,cortaríamos,535,word,2,True,4,3.198103904724121,1,
R2361,sufriríamos,536,word,2,True,4,0.8498718738555908,1,
R2361,imiré,537,word,1,True,4,2.2551631927490234,2,
R2361,lorgábamos,538,word,1,True,4,1.1313560009002686,2,
R2361,mardirías,539,word,1,True,4,0.765923023223877,2,
R2361,frindías,540,word,1,True,4,0.6349749565124512,2,
R2361,sindabas,541,word,1,True,4,0.9050309658050537,2,
R2361,lucharán,542,word,2,True,4,0.7858538627624512,1,
R2361,lacherías,543,word,1,True,4,0.7799742221832275,2,
R2361,cenarías,544,word,2,True,4,1.1191179752349854,1,
R2361,mertarás,545,word,1,True,4,9.697099924087524,2,
R2361,quijaría,546,word,1,True,4,9.189913034439087,2,
R2361,comerá,547,word,2,True,4,4.722214221954346,1,
R2361,bruviría,548,word,1,True,4,0.7058298587799072,2,
R2361,luchará,549,word,2,True,4,2.9320831298828125,1,
R2361,maftaré,550,word,1,True,4,0.6500589847564697,2,
R2361,nadaba,551,word,2,True,4,0.7089207172393799,1,
R2361,galarán,552,word,1,True,4,1.4381129741668701,2,
R2361,quijabas,553,word,1,True,4,0.6261181831359863,2,
R2361,meterás,554,word,2,True,4,0.8510291576385498,1,
R2361,burrarán,555,word,1,True,4,0.6480638980865479,2,
R2361,cuarriríamos,556,word,1,True,4,0.8038229942321777,2,
R2361,cederían,557,word,1,False,4,7.488159894943237,1,
R2361,retaríamos,558,word,2,True,4,0.8770098686218262,1,
R2361,pactarán,559,word,2,True,4,4.844159126281738,1,
R2361,meterías,560,word,2,True,4,1.3460850715637207,1,
R2361,lachían,561,word,1,True,4,0.6070191860198975,2,
R2361,somerás,562,word,1,True,4,1.112138032913208,2,
R2361,quijará,563,word,1,True,4,0.9840340614318848,2,
R2361,arderá,564,word,2,True,4,0.8879942893981934,1,
R2361,coserás,565,word,2,True,4,2.7460670471191406,1,
R2361,corrías,566,word,2,True,4,1.7629520893096924,1,
R2361,cichían,567,word,1,True,4,0.5219419002532959,2,
R2361,eplaríamos,568,word,1,True,4,1.4719350337982178,2,
R2361,subía,569,word,2,True,4,2.576603889465332,1,
R2361,cortaremos,570,word,2,True,4,1.0061140060424805,1,
R2361,ciperías,571,word,1,True,4,0.6909689903259277,2,
R2361,burraremos,572,word,1,True,4,4.425138235092163,2,
R2361,gacharías,573,word,1,True,4,0.7973978519439697,2,
R2361,barrerían,574,word,2,True,4,1.0112099647521973,1,
R2361,riteremos,575,word,1,True,4,1.904984951019287,2,
R2361,mardiría,576,word,1,True,4,0.7204279899597168,2,
R2361,cosías,577,word,2,True,4,0.9913709163665771,1,
R2361,cetían,578,word,1,True,4,0.7363519668579102,2,
R2361,somería,579,word,1,True,4,5.133399963378906,2,
R2361,cedería,580,word,2,True,4,7.74832010269165,1,
R2361,ceflería,581,word,1,True,4,0.5741710662841797,2,
R2361,comeré,582,word,2,True,4,1.1512370109558105,1,
R2361,sindarías,583,word,1,True,4,1.7552130222320557,2,
R2361,lucharían,584,word,2,True,4,1.3893299102783203,1,
R2361,unías,585,word,1,False,4,0.9851651191711426,1,
R2361,seseríamos,586,word,1,True,4,1.3291635513305664,2,
R2361,pactaremos,587,word,2,True,4,1.1799800395965576,1,
R2361,galaremos,588,word,1,True,4,2.834010124206543,2,
R2361,eplaba,589,word,1,True,4,0.6256680488586426,2,
R2361,sufrirás,590,word,2,True,4,1.2750751972198486,1,
R2361,besarán,591,word,2,True,4,0.7529218196868896,1,
R2361,ritíamos,592,word,1,True,4,0.7069480419158936,2,
R2361,prenderemos,593,word,2,True,4,3.7319610118865967,1,
R2361,casarás,594,word,2,True,4,1.2079579830169678,1,
R2361,toserá,595,word,1,False,4,1.7510020732879639,1,
R2361,lorgarás,596,word,1,True,4,1.2709941864013672,2,
R2361,temeríamos,597,word,2,True,4,0.858069896697998,1,
R2361,cubrirás,598,word,2,True,4,1.8871681690216064,1,
R2361,pavarás,599,word,1,True,4,0.5109577178955078,2,
R2361,besaré,600,word,2,True,4,0.5729129314422607,1,
R2361,anrerá,601,word,1,True,4,0.5768980979919434,2,
R2361,ardía,602,word,2,True,4,0.9820079803466797,1,
R2361,vultaría,603,word,1,True,4,0.734001874923706,2,
R2361,unían,604,word,2,True,4,0.8090040683746338,1,
R2361,eplaban,605,word,1,True,4,0.636044979095459,2,
R2361,lamerías,606,word,2,True,4,2.842031955718994,1,
R2361,meterían,607,word,2,True,4,0.7199668884277344,1,
R2361,formábamos,608,word,2,True,4,1.0179851055145264,1,
R2361,quemaría,609,word,2,True,4,1.0220160484313965,1,
R2361,sufriría,610,word,2,True,4,4.210083961486816,1,
R2361,burraban,611,word,1,True,4,5.553040266036987,2,
R2361,lailaría,612,word,1,True,4,3.4097962379455566,2,
R2361,cetaremos,613,word,1,True,4,1.215994119644165,2,
R2361,toseré,614,word,2,True,4,1.123985767364502,1,
R2361,pactaba,615,word,2,True,4,0.657095193862915,1,
R2361,rondará,616,word,1,False,4,1.0780370235443115,1,
R2361,mardiremos,617,word,1,True,4,0.8709659576416016,2,
R2361,bigarían,618,word,1,True,4,3.984997272491455,2,
R2361,comeríamos,619,word,2,True,4,1.0290019512176514,1,
R2361,charlaremos,620,word,2,True,4,1.4949750900268555,1,
R2361,narraré,621,word,2,True,4,0.8679089546203613,1,
R2361,sufrías,622,word,2,True,4,0.8519711494445801,1,
R2361,correríamos,623,word,2,True,4,0.752903938293457,1,
R2361,nadaría,624,word,2,True,4,0.6750612258911133,1,
R2361,lamerás,625,word,2,True,5,1.653109073638916,1,
R2361,fundía,626,word,1,False,5,1.2595469951629639,1,
R2361,imías,627,word,1,True,5,0.6749770641326904,2,
R2361,cederías,628,word,2,True,5,1.088115930557251,1,
R2361,mertaré,629,word,1,True,5,0.8050048351287842,2,
R2361,ceterías,630,word,1,True,5,0.7169070243835449,2,
R2361,lucharemos,631,word,2,True,5,1.059103012084961,1,
R2361,bailaremos,632,word,2,True,5,0.6840519905090332,1,
R2361,anrerían,633,word,1,True,5,0.585029125213623,2,
R2361,luntirán,634,word,1,True,5,0.981989860534668,2,
R2361,gruñirían,635,word,1,False,5,0.6839501857757568,1,
R2361,jurábamos,636,word,2,True,5,0.6228771209716797,1,
R2361,faltaré,637,word,2,True,5,0.8389368057250977,1,
R2361,chanraríamos,638,word,1,True,5,0.7419872283935547,2,
R2361,cipían,639,word,1,True,5,0.7469930648803711,2,
R2361,quijaba,640,word,2,False,5,1.6660869121551514,2,
R2361,cisabas,641,word,1,True,5,0.9119749069213867,2,
R2361,toserás,642,word,2,True,5,1.400954246520996,1,
R2361,burraba,643,word,1,True,5,2.086068868637085,2,
R2361,anreré,644,word,1,True,5,0.7309310436248779,2,
R2361,gruñirá,645,word,2,True,5,10.097134828567505,1,
R2361,cisaré,646,word,1,True,5,2.913800001144409,2,
R2361,cetábamos,647,word,1,True,5,4.119594097137451,2,
R2361,subiré,648,word,2,True,5,0.7010281085968018,1,
R2361,galaba,649,word,1,True,5,2.94508695602417,2,
R2361,quemaba,650,word,2,True,5,2.413872003555298,1,
R2361,mordería,651,word,2,True,5,0.7739787101745605,1,
R2361,pactarás,652,word,2,True,5,1.101151943206787,1,
R2361,rayarán,653,word,1,False,5,0.8349742889404297,1,
R2361,quemabas,654,word,2,True,5,0.7029099464416504,1,
R2361,cichiremos,655,word,1,True,5,4.032227993011475,2,
R2361,gachaban,656,word,1,True,5,1.0741629600524902,2,
R2361,cenaban,657,word,2,True,5,0.6898810863494873,1,
R2361,galará,658,word,2,False,5,2.0221431255340576,2,
R2361,nadará,659,word,2,True,5,0.5840857028961182,1,
R2361,gruñiré,660,word,1,False,5,0.49199891090393066,1,
R2361,honderé,661,word,1,True,5,0.7141320705413818,2,
R2361,narrábamos,662,word,2,True,5,0.6768913269042969,1,
R2361,gacharé,663,word,1,True,5,5.354758024215698,2,
R2361,gachabas,664,word,1,True,5,1.2618119716644287,2,
R2361,retaría,665,word,2,True,5,8.076072216033936,1,
R2361,runaríamos,666,word,1,True,5,0.7620749473571777,2,
R2361,faltaremos,667,word,2,True,5,0.8968610763549805,1,
R2361,mertará,668,word,1,True,5,2.2366487979888916,2,
R2361,tupliré,669,word,1,True,5,0.6480340957641602,2,
R2361,lailarán,670,word,1,True,5,1.2998638153076172,2,
R2361,ceterían,671,word,1,True,5,0.8911139965057373,2,
R2361,fundiría,672,word,1,False,5,3.7289798259735107,1,
R2361,narraría,673,word,2,True,5,0.7020180225372314,1,
R2361,lamíamos,674,word,2,True,5,2.8948538303375244,1,
R2361,bruvía,675,word,1,True,5,0.5586109161376953,2,
R2361,rotaría,676,word,2,True,5,0.9120221138000488,1,
R2361,rondarás,677,word,1,False,5,9.953974962234497,1,
R2361,obrarán,678,word,2,True,5,0.8130989074707031,1,
R2361,temeré,679,word,1,False,5,3.2379817962646484,1,
R2361,faneré,680,word,1,True,5,0.6600522994995117,2,
R2361,fanían,681,word,1,True,5,0.6740272045135498,2,
R2361,luntía,682,word,1,True,5,2.3749701976776123,2,
R2361,gruñirán,683,word,2,True,5,0.8639481067657471,1,
R2361,jurarán,684,word,2,True,5,0.798011064529419,1,
R2361,uniríamos,685,word,2,True,5,0.7290029525756836,1,
R2361,bailará,686,word,2,True,5,0.7149341106414795,1,
R2361,pactaré,687,word,1,False,5,8.240141868591309,1,
R2361,runarían,688,word,1,True,5,1.0599069595336914,2,
R2361,besábamos,689,word,2,True,5,0.7707622051239014,1,
R2361,runarías,690,word,1,True,5,1.2041232585906982,2,
R2361,vultarías,691,word,1,True,5,1.4499671459197998,2,
R2361,barrería,692,word,2,True,5,3.554133176803589,1,
R2361,vultaré,693,word,1,True,5,3.7229340076446533,2,
R2361,unirás,694,word,2,True,5,1.6889331340789795,1,
R2361,formaban,695,word,2,True,5,1.1172478199005127,1,
R2361,seserá,696,word,1,True,5,0.7460670471191406,2,
R2361,cosíamos,697,word,2,True,5,7.3389623165130615,1,
R2361,fundirán,698,word,1,False,5,3.418789863586426,1,
R2361,rondábamos,699,word,2,True,5,1.0510101318359375,1,
R2361,zusábamos,700,word,1,True,5,1.2548599243164062,2,
R2361,imía,701,word,1,True,5,0.8970358371734619,2,
R2361,partirás,702,word,2,True,5,0.8489542007446289,1,
R2361,cumpliría,703,word,2,True,5,0.946901798248291,1,
R2361,cichirás,704,word,1,True,5,2.977079153060913,2,
R2361,lailaba,705,word,1,True,5,4.489145040512085,2,
R2361,anrerás,706,word,1,True,5,0.639833927154541,2,
R2361,ceterá,707,word,1,True,5,0.6299991607666016,2,
R2361,anrerías,708,word,1,True,5,0.5810000896453857,2,
R2361,prenderé,709,word,2,True,5,0.7739017009735107,1,
R2361,fundías,710,word,1,False,5,0.8148601055145264,1,
R2361,casaríamos,711,word,2,True,5,1.8900489807128906,1,
R2361,imirías,712,word,1,True,5,0.7568750381469727,2,
R2361,faltarían,713,word,2,True,5,0.7598440647125244,1,
R2361,nadaban,714,word,2,True,5,0.7729647159576416,1,
R2361,monceríamos,715,word,1,True,5,0.662935733795166,2,
R2361,temían,716,word,2,True,5,0.8961801528930664,1,
R2361,hondía,717,word,1,True,5,0.9560151100158691,2,
R2361,barría,718,word,1,False,5,1.4879710674285889,1,
R2361,chanrabas,719,word,1,True,5,0.6519360542297363,2,
R2361,subirás,720,word,2,True,5,0.8309199810028076,1,
R2361,cichirán,721,word,1,True,5,0.66892409324646,2,
R2361,bimaban,722,word,1,True,5,1.0621180534362793,2,
R2361,formaremos,723,word,2,True,5,1.4220573902130127,1,
R2361,tosían,724,word,1,False,5,2.927809000015259,1,
R2361,vendíamos,725,word,2,True,5,0.8412060737609863,1,
R2361,vultará,726,word,1,True,5,0.6170639991760254,2,
R2361,bigará,727,word,1,True,5,4.163143873214722,2,
R2361,rotará,728,word,2,True,5,0.8130707740783691,1,
R2361,focarías,729,word,1,True,5,1.0381441116333008,2,
R2361,cetías,730,word,1,True,5,0.5749168395996094,2,
R2361,ciperás,731,word,1,True,5,0.5099332332611084,2,
R2361,mordía,732,word,2,True,5,0.8499212265014648,1,
R2361,cumplirás,733,word,2,True,5,0.808035135269165,1,
R2361,gruñía,734,word,2,True,5,0.8729488849639893,1,
R2361,narraremos,735,word,2,True,5,0.9029088020324707,1,
R2361,cichirían,736,word,1,True,5,0.5409412384033203,2,
R2361,hondíamos,737,word,1,True,5,0.8518490791320801,2,
R2361,someré,738,word,1,True,5,0.6068391799926758,2,
R2361,seserían,739,word,1,True,5,3.7071399688720703,2,
R2361,partiremos,740,word,2,True,5,1.028944730758667,1,
R2361,frinderán,741,word,1,True,5,1.1990091800689697,2,
R2361,faltabas,742,word,2,True,5,0.8760430812835693,1,
R2361,cichirá,743,word,1,True,5,3.66306209564209,2,
R2361,chanraremos,744,word,1,True,5,1.0159239768981934,2,
R2361,cetarías,745,word,1,True,5,6.428290843963623,2,
R2361,besarías,746,word,2,True,5,1.3660309314727783,1,
R2361,mertaríamos,747,word,1,True,5,0.8790068626403809,2,
R2361,obrábamos,748,word,2,True,5,1.2760858535766602,1,
R2361,sauaría,749,word,1,True,5,0.4800100326538086,2,
R2361,formarán,750,word,2,True,5,3.0479979515075684,1,
R2361,cosería,751,word,2,True,5,3.692997932434082,1,
R2361,runará,752,word,1,True,5,0.7601211071014404,2,
R2361,cumplirían,753,word,2,True,5,0.7049782276153564,1,
R2361,sufrirían,754,word,2,True,5,0.9498820304870605,1,
R2361,bruvían,755,word,1,True,5,0.5449347496032715,2,
R2361,lucharías,756,word,2,True,5,1.4928257465362549,1,
R2361,seserán,757,word,1,True,5,0.6399779319763184,2,
R2361,cosían,758,word,1,False,5,6.1242077350616455,1,
R2361,ceterán,759,word,1,True,5,0.7489321231842041,2,
R2361,honderemos,760,word,1,True,5,1.470762014389038,2,
R2361,prenderán,761,word,2,True,5,2.5858328342437744,1,
R2361,ardería,762,word,2,True,5,3.5079338550567627,1,
R2361,sumaríamos,763,word,2,True,5,1.1909329891204834,1,
R2361,charlábamos,764,word,2,True,5,0.9749660491943359,1,
R2361,rimabas,765,word,1,False,5,1.4609181880950928,1,
R2361,bruviríamos,766,word,1,True,5,0.9460911750793457,2,
R2361,rayarás,767,word,2,True,5,2.818890333175659,1,
R2361,coserá,768,word,2,True,5,2.145102024078369,1,
R2361,partíamos,769,word,2,True,5,2.2160778045654297,1,
R2361,obraría,770,word,1,False,5,1.3359580039978027,1,
R2361,rondarías,771,word,1,False,5,1.3560798168182373,1,
R2361,cipía,772,word,1,True,5,0.6929783821105957,2,
R2361,subirían,773,word,2,True,5,1.430044174194336,1,
R2361,comerás,774,word,2,True,5,0.9602279663085938,1,
R2361,cederíamos,775,word,1,False,5,4.545098066329956,1,
R2361,sufríamos,776,word,2,True,5,0.7909231185913086,1,
R2361,zusaría,777,word,1,True,5,0.6318418979644775,2,
R2361,casaría,778,word,2,True,5,1.0520009994506836,1,
R2361,fundiré,779,word,2,True,5,0.8350241184234619,1,
R2361,somerá,780,word,1,True,5,5.417125940322876,2,
R2361,sindará,781,word,1,True,6,4.760901927947998,2,
R2361,subiremos,782,word,2,True,6,3.9992518424987793,1,
R2361,riterían,783,word,1,True,6,0.7513749599456787,2,
R2361,cichía,784,word,1,True,6,5.966072082519531,2,
R2361,bruviremos,785,word,1,True,6,1.9389729499816895,2,
R2361,morderías,786,word,2,True,6,0.7970187664031982,1,
R2361,jurarían,787,word,2,True,6,0.8149690628051758,1,
R2361,casaban,788,word,2,True,6,0.7730152606964111,1,
R2361,venderá,789,word,2,True,6,0.6859850883483887,1,
R2361,lachías,790,word,1,True,6,1.1819369792938232,2,
R2361,rimarás,791,word,2,True,6,1.396996021270752,1,
R2361,burrabas,792,word,1,True,6,2.437072277069092,2,
R2361,meterá,793,word,2,True,6,0.9038660526275635,1,
R2361,cortaba,794,word,2,True,6,0.9798882007598877,1,
R2361,gacharán,795,word,1,True,6,6.363008975982666,2,
R2361,tujiremos,796,word,1,True,6,2.268009901046753,2,
R2361,subías,797,word,2,True,6,0.885066032409668,1,
R2361,maftará,798,word,1,True,6,1.132807970046997,2,
R2361,casarías,799,word,2,True,6,4.916235685348511,1,
R2361,tujirán,800,word,1,True,6,1.1529808044433594,2,
R2361,charlaría,801,word,2,True,6,5.313036918640137,1,
R2361,besaríamos,802,word,2,True,6,0.6589770317077637,1,
R2361,lailaremos,803,word,1,True,6,0.6979849338531494,2,
R2361,nadabas,804,word,2,True,6,0.6771748065948486,1,
R2361,fanerás,805,word,1,True,6,1.2819459438323975,2,
R2361,besabas,806,word,2,True,6,0.6899371147155762,1,
R2361,cisará,807,word,1,True,6,0.9080958366394043,2,
R2361,gruñían,808,word,2,True,6,0.8198590278625488,1,
R2361,obraba,809,word,2,True,6,1.0849249362945557,1,
R2361,moncerán,810,word,1,True,6,1.031116008758545,2,
R2361,rondabas,811,word,2,True,6,2.6058928966522217,1,
R2361,cubriré,812,word,2,True,6,1.858043909072876,1,
R2361,temerían,813,word,2,True,6,0.8427631855010986,1,
R2361,runábamos,814,word,1,True,6,0.798090934753418,2,
R2361,temerá,815,word,2,True,6,6.43308424949646,1,
R2361,gachará,816,word,1,True,6,0.577995777130127,2,
R2361,anrerán,817,word,1,True,6,0.8931400775909424,2,
R2361,somerías,818,word,1,True,6,3.1711819171905518,2,
R2361,juraría,819,word,2,True,6,1.339141845703125,1,
R2361,morderemos,820,word,2,True,6,0.7610371112823486,1,
R2361,chanrarían,821,word,1,True,6,0.9199771881103516,2,
R2361,sindaba,822,word,1,True,6,0.7040488719940186,2,
R2361,charlaban,823,word,2,True,6,1.046976089477539,1,
R2361,casarían,824,word,2,True,6,0.7059977054595947,1,
R2361,retabas,825,word,2,True,6,1.1229281425476074,1,
R2361,barrerán,826,word,2,True,6,5.132191896438599,1,
R2361,morderían,827,word,2,True,6,3.7729761600494385,1,
R2361,fundían,828,word,2,True,6,3.6279280185699463,1,
R2361,frinderemos,829,word,1,True,6,0.8090410232543945,2,
R2361,lailarás,830,word,1,True,6,2.7205400466918945,2,
R2361,runaba,831,word,1,True,6,0.8328759670257568,2,
R2361,metíamos,832,word,2,True,6,0.6058962345123291,1,
R2361,lorgabas,833,word,1,True,6,3.4300801753997803,2,
R2361,ritería,834,word,1,True,6,0.8439841270446777,2,
R2361,rondaré,835,word,1,False,6,1.7660431861877441,1,
R2361,cisarías,836,word,1,True,6,1.0149619579315186,2,
R2361,formabas,837,word,2,True,6,0.7649381160736084,1,
R2361,quemarían,838,word,2,True,6,0.7291922569274902,1,
R2361,rayábamos,839,word,2,True,6,1.8559377193450928,1,
R2361,fanería,840,word,1,True,6,0.8430719375610352,2,
R2361,correremos,841,word,2,True,6,0.8500998020172119,1,
R2361,faneríamos,842,word,1,True,6,0.9969489574432373,2,
R2361,cetarás,843,word,1,True,6,0.9179332256317139,2,
R2361,lacherá,844,word,1,True,6,0.6640121936798096,2,
R2361,mardirás,845,word,1,True,6,0.896028995513916,2,
R2361,cefleríamos,846,word,1,True,6,2.9992079734802246,2,
R2361,obraban,847,word,2,True,6,0.8379828929901123,1,
R2361,cortaría,848,word,2,True,6,0.7110259532928467,1,
R2361,vultaban,849,word,1,True,6,0.6890349388122559,2,
R2361,runarás,850,word,1,True,6,0.8449900150299072,2,
R2361,cubrían,851,word,2,True,6,0.7318599224090576,1,
R2361,cisarán,852,word,1,True,6,0.5481870174407959,2,
R2361,toserías,853,word,1,False,6,0.6361770629882812,1,
R2361,lamería,854,word,2,True,6,0.7751801013946533,1,
R2361,partían,855,word,2,True,6,0.7669041156768799,1,
R2361,juraban,856,word,2,True,6,1.0408399105072021,1,
R2361,rayabas,857,word,2,True,6,7.5961291790008545,1,
R2361,moncían,858,word,2,False,6,0.5708839893341064,2,
R2361,obraríamos,859,word,2,True,6,0.7120559215545654,1,
R2361,correrás,860,word,2,True,6,0.8379089832305908,1,
R2361,bimarías,861,word,1,True,6,0.621891975402832,2,
R2361,rondaremos,862,word,2,True,6,0.6470150947570801,1,
R2361,cipías,863,word,1,True,6,1.8296430110931396,2,
R2361,zusaban,864,word,1,True,6,0.6360712051391602,2,
R2361,lorgarán,865,word,2,False,6,3.21524715423584,2,
R2361,ceflía,866,word,1,True,6,0.6368980407714844,2,
R2361,vendían,867,word,2,True,6,0.8835058212280273,1,
R2361,lamerá,868,word,2,True,6,2.3360037803649902,1,
R2361,maftaría,869,word,1,True,6,0.6000361442565918,2,
R2361,fanía,870,word,1,True,6,0.7310950756072998,2,
R2361,ceflían,871,word,1,True,6,3.604128122329712,2,
R2361,rotaremos,872,word,1,False,6,2.379997968673706,1,
R2361,subirán,873,word,2,True,6,0.78609299659729,1,
R2361,comerán,874,word,2,True,6,0.6349039077758789,1,
R2361,porerían,875,word,1,True,6,2.698026418685913,2,
R2361,cisaría,876,word,1,True,6,2.846914052963257,2,
R2361,runaré,877,word,1,True,6,0.8131768703460693,2,
R2361,rimarán,878,word,1,False,6,3.4789819717407227,1,
R2361,porerán,879,word,1,True,6,0.6419582366943359,2,
R2361,cetíamos,880,word,1,True,6,1.0509963035583496,2,
R2361,cederemos,881,word,2,True,6,0.8840079307556152,1,
R2361,galaría,882,word,1,True,6,1.3432152271270752,2,
R2361,cortarían,883,word,2,True,6,0.9139893054962158,1,
R2361,focabas,884,word,2,False,6,1.5000689029693604,2,
R2361,chanraré,885,word,1,True,6,0.6019470691680908,2,
R2361,honderán,886,word,1,True,6,1.8869171142578125,2,
R2361,barrías,887,word,2,True,6,0.8432140350341797,1,
R2361,somíamos,888,word,1,True,6,0.701099157333374,2,
R2361,cortarías,889,word,2,True,6,1.3402478694915771,1,
R2361,unirían,890,word,2,True,6,1.3191111087799072,1,
R2361,imirá,891,word,1,True,6,1.272378921508789,2,
R2361,prendían,892,word,2,True,6,0.6786820888519287,1,
R2361,partiría,893,word,2,True,6,1.8719749450683594,1,
R2361,vultaremos,894,word,2,False,6,1.0246729850769043,2,
R2361,fanerías,895,word,1,True,6,8.29520297050476,2,
R2361,bigarán,896,word,1,True,6,1.0473191738128662,2,
R2361,lorgará,897,word,1,True,6,0.9343807697296143,2,
R2361,mertábamos,898,word,1,True,6,2.5401458740234375,2,
R2361,temía,899,word,2,True,6,1.2003488540649414,1,
R2361,cichirías,900,word,1,True,6,1.8292360305786133,2,
R2361,partirá,901,word,2,True,6,0.7430860996246338,1,
R2361,ceflerán,902,word,1,True,6,2.3371808528900146,2,
R2361,pavaremos,903,word,1,True,6,0.7817549705505371,2,
R2361,venderías,904,word,2,True,6,1.2388579845428467,1,
R2361,cenarás,905,word,2,True,6,2.280010938644409,1,
R2361,cuarrías,906,word,1,True,6,0.7110228538513184,2,
R2361,rimaba,907,word,1,False,6,2.903160810470581,1,
R2361,partías,908,word,2,True,6,7.144123077392578,1,
R2361,quijaban,909,word,1,True,6,1.1099987030029297,2,
R2361,cefleré,910,word,1,True,6,0.7149491310119629,2,
R2361,prenderían,911,word,2,True,6,0.5651471614837646,1,
R2361,juraríamos,912,word,2,True,6,0.877331018447876,1,
R2361,mardías,913,word,1,True,6,1.140990972518921,2,
R2361,luntías,914,word,1,True,6,1.1680760383605957,2,
R2361,barrerías,915,word,1,False,6,2.2478859424591064,1,
R2361,cubrirá,916,word,2,True,6,3.3430399894714355,1,
R2361,cisaremos,917,word,1,True,6,0.6900179386138916,2,
R2361,anríamos,918,word,1,True,6,0.6570377349853516,2,
R2361,cumpliré,919,word,2,True,6,0.7169289588928223,1,
R2361,rotaba,920,word,2,True,6,2.0880630016326904,1,
R2361,chanraba,921,word,1,True,6,0.6969141960144043,2,
R2361,prenderías,922,word,2,True,6,0.8468608856201172,1,
R2361,fanerían,923,word,1,True,6,0.8748149871826172,2,
R2361,rimarías,924,word,1,False,6,0.8339788913726807,1,
R2361,subiría,925,word,2,True,6,0.7840330600738525,1,
R2361,sumaban,926,word,2,True,6,0.6319899559020996,1,
R2361,comerías,927,word,2,True,6,0.7478756904602051,1,
R2361,besaremos,928,word,2,True,6,0.7049458026885986,1,
R2361,someríamos,929,word,1,True,6,1.2220721244812012,2,
R2361,arderé,930,word,2,True,6,0.7270770072937012,1,
R2361,zusarán,931,word,1,True,6,0.5360708236694336,2,
R2361,mertaremos,932,word,1,True,6,3.459012269973755,2,
R2361,sumaría,933,word,2,True,6,0.8089969158172607,1,
R2361,narrarías,934,word,2,True,6,0.7400870323181152,1,
R2361,faltaba,935,word,2,True,6,0.69405198097229,1,
R2361,narraba,936,word,2,True,6,0.6530170440673828,1,
